{"c":0.0664804351878181,"r":0.36159457900087233,"g":0.9688524853322309}