{"c":0.8961660085154477,"r":0.953677928655283,"g":0.017661939277620275}